trading_date,raw_signal_at_prior_close,implemented_position,underlying_close_to_close_return,strategy_return,accuracy_denominator,correct,day_session_minute_coverage,source_file_sha256,transform_version
2022-08-01,-1,-1,0.008790082608413003,-0.008790082608413003,1,0,1.0,cec6b4217abffaf0aaf1af9fe03b250f7865bc5751088936be3ba698d5f3d62b,JNU_MACD_4_22_3_POSTPUBLICATION_G1_V1_DI1_FINAL_MINUTE_INCLUSIVE
2022-08-02,1,1,-0.01167712900202203,-0.01167712900202203,1,0,1.0,cec6b4217abffaf0aaf1af9fe03b250f7865bc5751088936be3ba698d5f3d62b,JNU_MACD_4_22_3_POSTPUBLICATION_G1_V1_DI1_FINAL_MINUTE_INCLUSIVE
2022-08-03,-1,-1,0.0014445650760526185,-0.0014445650760526185,1,0,1.0,cec6b4217abffaf0aaf1af9fe03b250f7865bc5751088936be3ba698d5f3d62b,JNU_MACD_4_22_3_POSTPUBLICATION_G1_V1_DI1_FINAL_MINUTE_INCLUSIVE
2022-08-04,-1,-1,0.00862384072622116,-0.00862384072622116,1,0,1.0,cec6b4217abffaf0aaf1af9fe03b250f7865bc5751088936be3ba698d5f3d62b,JNU_MACD_4_22_3_POSTPUBLICATION_G1_V1_DI1_FINAL_MINUTE_INCLUSIVE
2022-08-05,-1,-1,0.00784038228717316,-0.00784038228717316,1,0,1.0,cec6b4217abffaf0aaf1af9fe03b250f7865bc5751088936be3ba698d5f3d62b,JNU_MACD_4_22_3_POSTPUBLICATION_G1_V1_DI1_FINAL_MINUTE_INCLUSIVE
2022-08-08,1,1,0.002481830736760067,0.002481830736760067,1,1,1.0,cec6b4217abffaf0aaf1af9fe03b250f7865bc5751088936be3ba698d5f3d62b,JNU_MACD_4_22_3_POSTPUBLICATION_G1_V1_DI1_FINAL_MINUTE_INCLUSIVE
2022-08-09,1,1,-0.009964495259431829,-0.009964495259431829,1,0,1.0,cec6b4217abffaf0aaf1af9fe03b250f7865bc5751088936be3ba698d5f3d62b,JNU_MACD_4_22_3_POSTPUBLICATION_G1_V1_DI1_FINAL_MINUTE_INCLUSIVE
2022-08-10,-1,-1,-0.005738896669018167,0.005738896669018167,1,1,1.0,cec6b4217abffaf0aaf1af9fe03b250f7865bc5751088936be3ba698d5f3d62b,JNU_MACD_4_22_3_POSTPUBLICATION_G1_V1_DI1_FINAL_MINUTE_INCLUSIVE
2022-08-12,-1,-1,0.026270591352098943,-0.026270591352098943,1,0,1.0,cec6b4217abffaf0aaf1af9fe03b250f7865bc5751088936be3ba698d5f3d62b,JNU_MACD_4_22_3_POSTPUBLICATION_G1_V1_DI1_FINAL_MINUTE_INCLUSIVE
2022-08-15,1,1,0.011149941297034477,0.011149941297034477,1,1,1.0,cec6b4217abffaf0aaf1af9fe03b250f7865bc5751088936be3ba698d5f3d62b,JNU_MACD_4_22_3_POSTPUBLICATION_G1_V1_DI1_FINAL_MINUTE_INCLUSIVE
2022-08-16,1,1,-0.0003465603916161989,-0.0003465603916161989,1,0,1.0,cec6b4217abffaf0aaf1af9fe03b250f7865bc5751088936be3ba698d5f3d62b,JNU_MACD_4_22_3_POSTPUBLICATION_G1_V1_DI1_FINAL_MINUTE_INCLUSIVE
2022-08-17,1,1,0.01154488570164573,0.01154488570164573,1,1,1.0,cec6b4217abffaf0aaf1af9fe03b250f7865bc5751088936be3ba698d5f3d62b,JNU_MACD_4_22_3_POSTPUBLICATION_G1_V1_DI1_FINAL_MINUTE_INCLUSIVE
2022-08-18,1,1,-0.008430157452416502,-0.008430157452416502,1,0,1.0,cec6b4217abffaf0aaf1af9fe03b250f7865bc5751088936be3ba698d5f3d62b,JNU_MACD_4_22_3_POSTPUBLICATION_G1_V1_DI1_FINAL_MINUTE_INCLUSIVE
2022-08-19,1,1,-0.0005184481235975551,-0.0005184481235975551,1,0,1.0,cec6b4217abffaf0aaf1af9fe03b250f7865bc5751088936be3ba698d5f3d62b,JNU_MACD_4_22_3_POSTPUBLICATION_G1_V1_DI1_FINAL_MINUTE_INCLUSIVE
2022-08-22,-1,-1,-0.0071125288997168365,0.0071125288997168365,1,1,1.0,cec6b4217abffaf0aaf1af9fe03b250f7865bc5751088936be3ba698d5f3d62b,JNU_MACD_4_22_3_POSTPUBLICATION_G1_V1_DI1_FINAL_MINUTE_INCLUSIVE
2022-08-23,-1,-1,-0.011556773695143662,0.011556773695143662,1,1,1.0,cec6b4217abffaf0aaf1af9fe03b250f7865bc5751088936be3ba698d5f3d62b,JNU_MACD_4_22_3_POSTPUBLICATION_G1_V1_DI1_FINAL_MINUTE_INCLUSIVE
2022-08-24,-1,-1,-0.0024687016593607685,0.0024687016593607685,1,1,1.0,cec6b4217abffaf0aaf1af9fe03b250f7865bc5751088936be3ba698d5f3d62b,JNU_MACD_4_22_3_POSTPUBLICATION_G1_V1_DI1_FINAL_MINUTE_INCLUSIVE
2022-08-25,-1,-1,0.006686634099061503,-0.006686634099061503,1,0,1.0,cec6b4217abffaf0aaf1af9fe03b250f7865bc5751088936be3ba698d5f3d62b,JNU_MACD_4_22_3_POSTPUBLICATION_G1_V1_DI1_FINAL_MINUTE_INCLUSIVE
2022-08-26,-1,-1,0.0035014041374381963,-0.0035014041374381963,1,0,1.0,cec6b4217abffaf0aaf1af9fe03b250f7865bc5751088936be3ba698d5f3d62b,JNU_MACD_4_22_3_POSTPUBLICATION_G1_V1_DI1_FINAL_MINUTE_INCLUSIVE
2022-08-29,-1,-1,-0.024771259513788113,0.024771259513788113,1,1,1.0,cec6b4217abffaf0aaf1af9fe03b250f7865bc5751088936be3ba698d5f3d62b,JNU_MACD_4_22_3_POSTPUBLICATION_G1_V1_DI1_FINAL_MINUTE_INCLUSIVE
2022-08-30,-1,-1,0.010336930395837036,-0.010336930395837036,1,0,1.0,cec6b4217abffaf0aaf1af9fe03b250f7865bc5751088936be3ba698d5f3d62b,JNU_MACD_4_22_3_POSTPUBLICATION_G1_V1_DI1_FINAL_MINUTE_INCLUSIVE
2022-08-31,-1,-1,-0.0028409110016037525,0.0028409110016037525,1,1,1.0,cec6b4217abffaf0aaf1af9fe03b250f7865bc5751088936be3ba698d5f3d62b,JNU_MACD_4_22_3_POSTPUBLICATION_G1_V1_DI1_FINAL_MINUTE_INCLUSIVE
2022-09-01,-1,-1,-0.017397981657237917,0.017397981657237917,1,1,1.0,cec6b4217abffaf0aaf1af9fe03b250f7865bc5751088936be3ba698d5f3d62b,JNU_MACD_4_22_3_POSTPUBLICATION_G1_V1_DI1_FINAL_MINUTE_INCLUSIVE
2022-09-02,-1,-1,0.0009042409513859175,-0.0009042409513859175,1,0,1.0,cec6b4217abffaf0aaf1af9fe03b250f7865bc5751088936be3ba698d5f3d62b,JNU_MACD_4_22_3_POSTPUBLICATION_G1_V1_DI1_FINAL_MINUTE_INCLUSIVE
2022-09-05,-1,-1,-0.0005424464467158454,0.0005424464467158454,1,1,1.0,cec6b4217abffaf0aaf1af9fe03b250f7865bc5751088936be3ba698d5f3d62b,JNU_MACD_4_22_3_POSTPUBLICATION_G1_V1_DI1_FINAL_MINUTE_INCLUSIVE
2022-09-06,-1,-1,-0.001629107066791944,0.001629107066791944,1,1,1.0,cec6b4217abffaf0aaf1af9fe03b250f7865bc5751088936be3ba698d5f3d62b,JNU_MACD_4_22_3_POSTPUBLICATION_G1_V1_DI1_FINAL_MINUTE_INCLUSIVE
2022-09-07,-1,-1,-0.005085372383279371,0.005085372383279371,1,1,1.0,cec6b4217abffaf0aaf1af9fe03b250f7865bc5751088936be3ba698d5f3d62b,JNU_MACD_4_22_3_POSTPUBLICATION_G1_V1_DI1_FINAL_MINUTE_INCLUSIVE
2022-09-08,-1,-1,0.020901661826564312,-0.020901661826564312,1,0,1.0,cec6b4217abffaf0aaf1af9fe03b250f7865bc5751088936be3ba698d5f3d62b,JNU_MACD_4_22_3_POSTPUBLICATION_G1_V1_DI1_FINAL_MINUTE_INCLUSIVE
2022-09-09,1,1,-0.001427551991185446,-0.001427551991185446,1,0,1.0,cec6b4217abffaf0aaf1af9fe03b250f7865bc5751088936be3ba698d5f3d62b,JNU_MACD_4_22_3_POSTPUBLICATION_G1_V1_DI1_FINAL_MINUTE_INCLUSIVE
2022-09-12,1,1,0.009242867081177513,0.009242867081177513,1,1,1.0,cec6b4217abffaf0aaf1af9fe03b250f7865bc5751088936be3ba698d5f3d62b,JNU_MACD_4_22_3_POSTPUBLICATION_G1_V1_DI1_FINAL_MINUTE_INCLUSIVE
2022-09-13,1,1,0.004941767910779047,0.004941767910779047,1,1,1.0,cec6b4217abffaf0aaf1af9fe03b250f7865bc5751088936be3ba698d5f3d62b,JNU_MACD_4_22_3_POSTPUBLICATION_G1_V1_DI1_FINAL_MINUTE_INCLUSIVE
2022-09-14,1,1,-0.026763417198816572,-0.026763417198816572,1,0,1.0,cec6b4217abffaf0aaf1af9fe03b250f7865bc5751088936be3ba698d5f3d62b,JNU_MACD_4_22_3_POSTPUBLICATION_G1_V1_DI1_FINAL_MINUTE_INCLUSIVE
2022-09-15,-1,-1,0.00108440278112508,-0.00108440278112508,1,0,1.0,cec6b4217abffaf0aaf1af9fe03b250f7865bc5751088936be3ba698d5f3d62b,JNU_MACD_4_22_3_POSTPUBLICATION_G1_V1_DI1_FINAL_MINUTE_INCLUSIVE
2022-09-16,-1,-1,-0.011810803233679588,0.011810803233679588,1,1,1.0,cec6b4217abffaf0aaf1af9fe03b250f7865bc5751088936be3ba698d5f3d62b,JNU_MACD_4_22_3_POSTPUBLICATION_G1_V1_DI1_FINAL_MINUTE_INCLUSIVE
2022-09-20,-1,-1,0.0034668404397504575,-0.0034668404397504575,1,0,1.0,cec6b4217abffaf0aaf1af9fe03b250f7865bc5751088936be3ba698d5f3d62b,JNU_MACD_4_22_3_POSTPUBLICATION_G1_V1_DI1_FINAL_MINUTE_INCLUSIVE
2022-09-21,-1,-1,-0.012094704883344853,0.012094704883344853,1,1,1.0,cec6b4217abffaf0aaf1af9fe03b250f7865bc5751088936be3ba698d5f3d62b,JNU_MACD_4_22_3_POSTPUBLICATION_G1_V1_DI1_FINAL_MINUTE_INCLUSIVE
2022-09-22,-1,-1,-0.0035090995469227904,0.0035090995469227904,1,1,1.0,cec6b4217abffaf0aaf1af9fe03b250f7865bc5751088936be3ba698d5f3d62b,JNU_MACD_4_22_3_POSTPUBLICATION_G1_V1_DI1_FINAL_MINUTE_INCLUSIVE
2022-09-23,-1,-1,-0.010227890183256426,0.010227890183256426,1,1,1.0,cec6b4217abffaf0aaf1af9fe03b250f7865bc5751088936be3ba698d5f3d62b,JNU_MACD_4_22_3_POSTPUBLICATION_G1_V1_DI1_FINAL_MINUTE_INCLUSIVE
2022-09-26,-1,-1,-0.020584241087885997,0.020584241087885997,1,1,1.0,cec6b4217abffaf0aaf1af9fe03b250f7865bc5751088936be3ba698d5f3d62b,JNU_MACD_4_22_3_POSTPUBLICATION_G1_V1_DI1_FINAL_MINUTE_INCLUSIVE
2022-09-27,-1,-1,0.004378874202986818,-0.004378874202986818,1,0,1.0,cec6b4217abffaf0aaf1af9fe03b250f7865bc5751088936be3ba698d5f3d62b,JNU_MACD_4_22_3_POSTPUBLICATION_G1_V1_DI1_FINAL_MINUTE_INCLUSIVE
2022-09-28,-1,-1,-0.015314234973042481,0.015314234973042481,1,1,1.0,cec6b4217abffaf0aaf1af9fe03b250f7865bc5751088936be3ba698d5f3d62b,JNU_MACD_4_22_3_POSTPUBLICATION_G1_V1_DI1_FINAL_MINUTE_INCLUSIVE
2022-09-29,-1,-1,0.016073824831061054,-0.016073824831061054,1,0,1.0,cec6b4217abffaf0aaf1af9fe03b250f7865bc5751088936be3ba698d5f3d62b,JNU_MACD_4_22_3_POSTPUBLICATION_G1_V1_DI1_FINAL_MINUTE_INCLUSIVE
2022-09-30,-1,-1,-0.012799869090099187,0.012799869090099187,1,1,1.0,cec6b4217abffaf0aaf1af9fe03b250f7865bc5751088936be3ba698d5f3d62b,JNU_MACD_4_22_3_POSTPUBLICATION_G1_V1_DI1_FINAL_MINUTE_INCLUSIVE
2022-10-03,-1,-1,0.008424327057325189,-0.008424327057325189,1,0,1.0,cec6b4217abffaf0aaf1af9fe03b250f7865bc5751088936be3ba698d5f3d62b,JNU_MACD_4_22_3_POSTPUBLICATION_G1_V1_DI1_FINAL_MINUTE_INCLUSIVE
2022-10-04,1,1,0.025784810456453647,0.025784810456453647,1,1,1.0,cec6b4217abffaf0aaf1af9fe03b250f7865bc5751088936be3ba698d5f3d62b,JNU_MACD_4_22_3_POSTPUBLICATION_G1_V1_DI1_FINAL_MINUTE_INCLUSIVE
2022-10-05,1,1,0.006297483305259847,0.006297483305259847,1,1,1.0,cec6b4217abffaf0aaf1af9fe03b250f7865bc5751088936be3ba698d5f3d62b,JNU_MACD_4_22_3_POSTPUBLICATION_G1_V1_DI1_FINAL_MINUTE_INCLUSIVE
2022-10-06,1,1,0.007724886676172792,0.007724886676172792,1,1,1.0,cec6b4217abffaf0aaf1af9fe03b250f7865bc5751088936be3ba698d5f3d62b,JNU_MACD_4_22_3_POSTPUBLICATION_G1_V1_DI1_FINAL_MINUTE_INCLUSIVE
2022-10-07,1,1,-0.00698660683459192,-0.00698660683459192,1,0,1.0,cec6b4217abffaf0aaf1af9fe03b250f7865bc5751088936be3ba698d5f3d62b,JNU_MACD_4_22_3_POSTPUBLICATION_G1_V1_DI1_FINAL_MINUTE_INCLUSIVE
2022-10-10,1,1,-0.019750968113933037,-0.019750968113933037,1,0,1.0,cec6b4217abffaf0aaf1af9fe03b250f7865bc5751088936be3ba698d5f3d62b,JNU_MACD_4_22_3_POSTPUBLICATION_G1_V1_DI1_FINAL_MINUTE_INCLUSIVE
2022-10-11,-1,-1,-0.005283031155524336,0.005283031155524336,1,1,1.0,cec6b4217abffaf0aaf1af9fe03b250f7865bc5751088936be3ba698d5f3d62b,JNU_MACD_4_22_3_POSTPUBLICATION_G1_V1_DI1_FINAL_MINUTE_INCLUSIVE
2022-10-12,-1,-1,-0.00170406175856669,0.00170406175856669,1,1,1.0,cec6b4217abffaf0aaf1af9fe03b250f7865bc5751088936be3ba698d5f3d62b,JNU_MACD_4_22_3_POSTPUBLICATION_G1_V1_DI1_FINAL_MINUTE_INCLUSIVE
2022-10-13,-1,-1,-0.006273188522077399,0.006273188522077399,1,1,1.0,cec6b4217abffaf0aaf1af9fe03b250f7865bc5751088936be3ba698d5f3d62b,JNU_MACD_4_22_3_POSTPUBLICATION_G1_V1_DI1_FINAL_MINUTE_INCLUSIVE
2022-10-14,-1,-1,0.031164526956936698,-0.031164526956936698,1,0,1.0,cec6b4217abffaf0aaf1af9fe03b250f7865bc5751088936be3ba698d5f3d62b,JNU_MACD_4_22_3_POSTPUBLICATION_G1_V1_DI1_FINAL_MINUTE_INCLUSIVE
2022-10-17,1,1,-0.012087548381381647,-0.012087548381381647,1,0,1.0,cec6b4217abffaf0aaf1af9fe03b250f7865bc5751088936be3ba698d5f3d62b,JNU_MACD_4_22_3_POSTPUBLICATION_G1_V1_DI1_FINAL_MINUTE_INCLUSIVE
2022-10-18,1,1,0.017249801733270384,0.017249801733270384,1,1,1.0,cec6b4217abffaf0aaf1af9fe03b250f7865bc5751088936be3ba698d5f3d62b,JNU_MACD_4_22_3_POSTPUBLICATION_G1_V1_DI1_FINAL_MINUTE_INCLUSIVE
2022-10-19,1,1,0.0014700480412889706,0.0014700480412889706,1,1,1.0,cec6b4217abffaf0aaf1af9fe03b250f7865bc5751088936be3ba698d5f3d62b,JNU_MACD_4_22_3_POSTPUBLICATION_G1_V1_DI1_FINAL_MINUTE_INCLUSIVE
2022-10-20,1,1,-0.008482440681339113,-0.008482440681339113,1,0,1.0,cec6b4217abffaf0aaf1af9fe03b250f7865bc5751088936be3ba698d5f3d62b,JNU_MACD_4_22_3_POSTPUBLICATION_G1_V1_DI1_FINAL_MINUTE_INCLUSIVE
2022-10-21,1,1,-0.0037105793965356015,-0.0037105793965356015,1,0,1.0,cec6b4217abffaf0aaf1af9fe03b250f7865bc5751088936be3ba698d5f3d62b,JNU_MACD_4_22_3_POSTPUBLICATION_G1_V1_DI1_FINAL_MINUTE_INCLUSIVE
2022-10-24,1,1,0.0022279994363129363,0.0022279994363129363,1,1,1.0,cec6b4217abffaf0aaf1af9fe03b250f7865bc5751088936be3ba698d5f3d62b,JNU_MACD_4_22_3_POSTPUBLICATION_G1_V1_DI1_FINAL_MINUTE_INCLUSIVE
2022-10-25,-1,-1,0.010882704472137869,-0.010882704472137869,1,0,1.0,cec6b4217abffaf0aaf1af9fe03b250f7865bc5751088936be3ba698d5f3d62b,JNU_MACD_4_22_3_POSTPUBLICATION_G1_V1_DI1_FINAL_MINUTE_INCLUSIVE
2022-10-26,1,1,0.006582579994694413,0.006582579994694413,1,1,1.0,cec6b4217abffaf0aaf1af9fe03b250f7865bc5751088936be3ba698d5f3d62b,JNU_MACD_4_22_3_POSTPUBLICATION_G1_V1_DI1_FINAL_MINUTE_INCLUSIVE
2022-10-27,1,1,-0.004932868320024699,-0.004932868320024699,1,0,1.0,cec6b4217abffaf0aaf1af9fe03b250f7865bc5751088936be3ba698d5f3d62b,JNU_MACD_4_22_3_POSTPUBLICATION_G1_V1_DI1_FINAL_MINUTE_INCLUSIVE
2022-10-28,1,1,-0.010679534386389805,-0.010679534386389805,1,0,1.0,cec6b4217abffaf0aaf1af9fe03b250f7865bc5751088936be3ba698d5f3d62b,JNU_MACD_4_22_3_POSTPUBLICATION_G1_V1_DI1_FINAL_MINUTE_INCLUSIVE
2022-10-31,-1,-1,0.01979536779439924,-0.01979536779439924,1,0,1.0,cec6b4217abffaf0aaf1af9fe03b250f7865bc5751088936be3ba698d5f3d62b,JNU_MACD_4_22_3_POSTPUBLICATION_G1_V1_DI1_FINAL_MINUTE_INCLUSIVE
2022-11-01,1,1,0.005068801583946881,0.005068801583946881,1,1,1.0,cec6b4217abffaf0aaf1af9fe03b250f7865bc5751088936be3ba698d5f3d62b,JNU_MACD_4_22_3_POSTPUBLICATION_G1_V1_DI1_FINAL_MINUTE_INCLUSIVE
2022-11-02,1,1,-0.0019882518976442,-0.0019882518976442,1,0,1.0,cec6b4217abffaf0aaf1af9fe03b250f7865bc5751088936be3ba698d5f3d62b,JNU_MACD_4_22_3_POSTPUBLICATION_G1_V1_DI1_FINAL_MINUTE_INCLUSIVE
2022-11-03,1,1,-0.010549388486490235,-0.010549388486490235,1,0,1.0,cec6b4217abffaf0aaf1af9fe03b250f7865bc5751088936be3ba698d5f3d62b,JNU_MACD_4_22_3_POSTPUBLICATION_G1_V1_DI1_FINAL_MINUTE_INCLUSIVE
2022-11-04,-1,-1,-0.005868346200852101,0.005868346200852101,1,1,1.0,cec6b4217abffaf0aaf1af9fe03b250f7865bc5751088936be3ba698d5f3d62b,JNU_MACD_4_22_3_POSTPUBLICATION_G1_V1_DI1_FINAL_MINUTE_INCLUSIVE
2022-11-07,-1,-1,0.013337185001039554,-0.013337185001039554,1,0,1.0,cec6b4217abffaf0aaf1af9fe03b250f7865bc5751088936be3ba698d5f3d62b,JNU_MACD_4_22_3_POSTPUBLICATION_G1_V1_DI1_FINAL_MINUTE_INCLUSIVE
2022-11-08,-1,-1,0.012086374242593565,-0.012086374242593565,1,0,1.0,cec6b4217abffaf0aaf1af9fe03b250f7865bc5751088936be3ba698d5f3d62b,JNU_MACD_4_22_3_POSTPUBLICATION_G1_V1_DI1_FINAL_MINUTE_INCLUSIVE
2022-11-09,1,1,-0.008463181873173187,-0.008463181873173187,1,0,1.0,cec6b4217abffaf0aaf1af9fe03b250f7865bc5751088936be3ba698d5f3d62b,JNU_MACD_4_22_3_POSTPUBLICATION_G1_V1_DI1_FINAL_MINUTE_INCLUSIVE
2022-11-10,1,1,-0.007806157457405073,-0.007806157457405073,1,0,1.0,cec6b4217abffaf0aaf1af9fe03b250f7865bc5751088936be3ba698d5f3d62b,JNU_MACD_4_22_3_POSTPUBLICATION_G1_V1_DI1_FINAL_MINUTE_INCLUSIVE
2022-11-11,-1,-1,0.029981601194560184,-0.029981601194560184,1,0,1.0,cec6b4217abffaf0aaf1af9fe03b250f7865bc5751088936be3ba698d5f3d62b,JNU_MACD_4_22_3_POSTPUBLICATION_G1_V1_DI1_FINAL_MINUTE_INCLUSIVE
2022-11-14,1,1,-0.01066866449163062,-0.01066866449163062,1,0,1.0,cec6b4217abffaf0aaf1af9fe03b250f7865bc5751088936be3ba698d5f3d62b,JNU_MACD_4_22_3_POSTPUBLICATION_G1_V1_DI1_FINAL_MINUTE_INCLUSIVE
2022-11-15,1,1,0.0019644617443551607,0.0019644617443551607,1,1,1.0,cec6b4217abffaf0aaf1af9fe03b250f7865bc5751088936be3ba698d5f3d62b,JNU_MACD_4_22_3_POSTPUBLICATION_G1_V1_DI1_FINAL_MINUTE_INCLUSIVE
2022-11-16,1,1,0.00053509320816569,0.00053509320816569,1,1,1.0,cec6b4217abffaf0aaf1af9fe03b250f7865bc5751088936be3ba698d5f3d62b,JNU_MACD_4_22_3_POSTPUBLICATION_G1_V1_DI1_FINAL_MINUTE_INCLUSIVE
2022-11-17,1,1,-0.002142092929054212,-0.002142092929054212,1,0,1.0,cec6b4217abffaf0aaf1af9fe03b250f7865bc5751088936be3ba698d5f3d62b,JNU_MACD_4_22_3_POSTPUBLICATION_G1_V1_DI1_FINAL_MINUTE_INCLUSIVE
2022-11-18,-1,-1,-0.0035803833450119755,0.0035803833450119755,1,1,1.0,cec6b4217abffaf0aaf1af9fe03b250f7865bc5751088936be3ba698d5f3d62b,JNU_MACD_4_22_3_POSTPUBLICATION_G1_V1_DI1_FINAL_MINUTE_INCLUSIVE
2022-11-21,-1,-1,0.002865331473286427,-0.002865331473286427,1,0,1.0,cec6b4217abffaf0aaf1af9fe03b250f7865bc5751088936be3ba698d5f3d62b,JNU_MACD_4_22_3_POSTPUBLICATION_G1_V1_DI1_FINAL_MINUTE_INCLUSIVE
2022-11-22,-1,-1,0.005706149576854689,-0.005706149576854689,1,0,1.0,cec6b4217abffaf0aaf1af9fe03b250f7865bc5751088936be3ba698d5f3d62b,JNU_MACD_4_22_3_POSTPUBLICATION_G1_V1_DI1_FINAL_MINUTE_INCLUSIVE
2022-11-23,-1,-1,0.008851181878295903,-0.008851181878295903,1,0,1.0,cec6b4217abffaf0aaf1af9fe03b250f7865bc5751088936be3ba698d5f3d62b,JNU_MACD_4_22_3_POSTPUBLICATION_G1_V1_DI1_FINAL_MINUTE_INCLUSIVE
2022-11-24,1,1,-0.00017625804222952548,-0.00017625804222952548,1,0,1.0,cec6b4217abffaf0aaf1af9fe03b250f7865bc5751088936be3ba698d5f3d62b,JNU_MACD_4_22_3_POSTPUBLICATION_G1_V1_DI1_FINAL_MINUTE_INCLUSIVE
2022-11-25,1,1,-0.001411183864460448,-0.001411183864460448,1,0,1.0,cec6b4217abffaf0aaf1af9fe03b250f7865bc5751088936be3ba698d5f3d62b,JNU_MACD_4_22_3_POSTPUBLICATION_G1_V1_DI1_FINAL_MINUTE_INCLUSIVE
2022-11-28,1,1,-0.0058422756242284025,-0.0058422756242284025,1,0,1.0,cec6b4217abffaf0aaf1af9fe03b250f7865bc5751088936be3ba698d5f3d62b,JNU_MACD_4_22_3_POSTPUBLICATION_G1_V1_DI1_FINAL_MINUTE_INCLUSIVE
2022-11-29,-1,-1,-0.0035574566155267603,0.0035574566155267603,1,1,1.0,cec6b4217abffaf0aaf1af9fe03b250f7865bc5751088936be3ba698d5f3d62b,JNU_MACD_4_22_3_POSTPUBLICATION_G1_V1_DI1_FINAL_MINUTE_INCLUSIVE
2022-11-30,-1,-1,-0.0007130125079255501,0.0007130125079255501,1,1,1.0,cec6b4217abffaf0aaf1af9fe03b250f7865bc5751088936be3ba698d5f3d62b,JNU_MACD_4_22_3_POSTPUBLICATION_G1_V1_DI1_FINAL_MINUTE_INCLUSIVE
2022-12-01,-1,-1,0.00746139542606062,-0.00746139542606062,1,0,1.0,cec6b4217abffaf0aaf1af9fe03b250f7865bc5751088936be3ba698d5f3d62b,JNU_MACD_4_22_3_POSTPUBLICATION_G1_V1_DI1_FINAL_MINUTE_INCLUSIVE
2022-12-02,-1,-1,-0.017497321953846165,0.017497321953846165,1,1,1.0,cec6b4217abffaf0aaf1af9fe03b250f7865bc5751088936be3ba698d5f3d62b,JNU_MACD_4_22_3_POSTPUBLICATION_G1_V1_DI1_FINAL_MINUTE_INCLUSIVE
2022-12-05,-1,-1,0.0028776998276151956,-0.0028776998276151956,1,0,1.0,cec6b4217abffaf0aaf1af9fe03b250f7865bc5751088936be3ba698d5f3d62b,JNU_MACD_4_22_3_POSTPUBLICATION_G1_V1_DI1_FINAL_MINUTE_INCLUSIVE
2022-12-06,-1,-1,0.0007181328854408335,-0.0007181328854408335,1,0,1.0,cec6b4217abffaf0aaf1af9fe03b250f7865bc5751088936be3ba698d5f3d62b,JNU_MACD_4_22_3_POSTPUBLICATION_G1_V1_DI1_FINAL_MINUTE_INCLUSIVE
2022-12-07,-1,-1,-0.007566240383315813,0.007566240383315813,1,1,1.0,cec6b4217abffaf0aaf1af9fe03b250f7865bc5751088936be3ba698d5f3d62b,JNU_MACD_4_22_3_POSTPUBLICATION_G1_V1_DI1_FINAL_MINUTE_INCLUSIVE
2022-12-08,-1,-1,-0.0032602818228859706,0.0032602818228859706,1,1,1.0,cec6b4217abffaf0aaf1af9fe03b250f7865bc5751088936be3ba698d5f3d62b,JNU_MACD_4_22_3_POSTPUBLICATION_G1_V1_DI1_FINAL_MINUTE_INCLUSIVE
2022-12-09,-1,-1,0.010467520227835125,-0.010467520227835125,1,0,1.0,cec6b4217abffaf0aaf1af9fe03b250f7865bc5751088936be3ba698d5f3d62b,JNU_MACD_4_22_3_POSTPUBLICATION_G1_V1_DI1_FINAL_MINUTE_INCLUSIVE
2022-12-12,-1,-1,-0.0030567316797225495,0.0030567316797225495,1,1,1.0,cec6b4217abffaf0aaf1af9fe03b250f7865bc5751088936be3ba698d5f3d62b,JNU_MACD_4_22_3_POSTPUBLICATION_G1_V1_DI1_FINAL_MINUTE_INCLUSIVE
2022-12-13,1,1,0.004491966945827068,0.004491966945827068,1,1,1.0,cec6b4217abffaf0aaf1af9fe03b250f7865bc5751088936be3ba698d5f3d62b,JNU_MACD_4_22_3_POSTPUBLICATION_G1_V1_DI1_FINAL_MINUTE_INCLUSIVE
2022-12-14,1,1,0.006789377518212815,0.006789377518212815,1,1,1.0,cec6b4217abffaf0aaf1af9fe03b250f7865bc5751088936be3ba698d5f3d62b,JNU_MACD_4_22_3_POSTPUBLICATION_G1_V1_DI1_FINAL_MINUTE_INCLUSIVE
2022-12-15,1,1,-0.0041038508840590985,-0.0041038508840590985,1,0,1.0,cec6b4217abffaf0aaf1af9fe03b250f7865bc5751088936be3ba698d5f3d62b,JNU_MACD_4_22_3_POSTPUBLICATION_G1_V1_DI1_FINAL_MINUTE_INCLUSIVE
2022-12-16,1,1,-0.017859228166368757,-0.017859228166368757,1,0,1.0,cec6b4217abffaf0aaf1af9fe03b250f7865bc5751088936be3ba698d5f3d62b,JNU_MACD_4_22_3_POSTPUBLICATION_G1_V1_DI1_FINAL_MINUTE_INCLUSIVE
2022-12-19,-1,-1,-0.00932620822101919,0.00932620822101919,1,1,1.0,cec6b4217abffaf0aaf1af9fe03b250f7865bc5751088936be3ba698d5f3d62b,JNU_MACD_4_22_3_POSTPUBLICATION_G1_V1_DI1_FINAL_MINUTE_INCLUSIVE
2022-12-20,-1,-1,-0.02586912656850156,0.02586912656850156,1,1,1.0,cec6b4217abffaf0aaf1af9fe03b250f7865bc5751088936be3ba698d5f3d62b,JNU_MACD_4_22_3_POSTPUBLICATION_G1_V1_DI1_FINAL_MINUTE_INCLUSIVE
2022-12-21,-1,-1,-0.007570058860545279,0.007570058860545279,1,1,1.0,cec6b4217abffaf0aaf1af9fe03b250f7865bc5751088936be3ba698d5f3d62b,JNU_MACD_4_22_3_POSTPUBLICATION_G1_V1_DI1_FINAL_MINUTE_INCLUSIVE
2022-12-22,-1,-1,0.004548908526368988,-0.004548908526368988,1,0,1.0,cec6b4217abffaf0aaf1af9fe03b250f7865bc5751088936be3ba698d5f3d62b,JNU_MACD_4_22_3_POSTPUBLICATION_G1_V1_DI1_FINAL_MINUTE_INCLUSIVE
2022-12-23,-1,-1,-0.011028824472553626,0.011028824472553626,1,1,1.0,cec6b4217abffaf0aaf1af9fe03b250f7865bc5751088936be3ba698d5f3d62b,JNU_MACD_4_22_3_POSTPUBLICATION_G1_V1_DI1_FINAL_MINUTE_INCLUSIVE
2022-12-26,-1,-1,0.008188182471501214,-0.008188182471501214,1,0,1.0,cec6b4217abffaf0aaf1af9fe03b250f7865bc5751088936be3ba698d5f3d62b,JNU_MACD_4_22_3_POSTPUBLICATION_G1_V1_DI1_FINAL_MINUTE_INCLUSIVE
2022-12-27,-1,-1,-0.00018966334812666266,0.00018966334812666266,1,1,1.0,cec6b4217abffaf0aaf1af9fe03b250f7865bc5751088936be3ba698d5f3d62b,JNU_MACD_4_22_3_POSTPUBLICATION_G1_V1_DI1_FINAL_MINUTE_INCLUSIVE
2022-12-28,1,1,-0.004753312495631354,-0.004753312495631354,1,0,1.0,cec6b4217abffaf0aaf1af9fe03b250f7865bc5751088936be3ba698d5f3d62b,JNU_MACD_4_22_3_POSTPUBLICATION_G1_V1_DI1_FINAL_MINUTE_INCLUSIVE
2022-12-29,1,1,-0.00976738589622155,-0.00976738589622155,1,0,1.0,cec6b4217abffaf0aaf1af9fe03b250f7865bc5751088936be3ba698d5f3d62b,JNU_MACD_4_22_3_POSTPUBLICATION_G1_V1_DI1_FINAL_MINUTE_INCLUSIVE
2022-12-30,-1,-1,0.0005772005932255785,-0.0005772005932255785,1,0,1.0,cec6b4217abffaf0aaf1af9fe03b250f7865bc5751088936be3ba698d5f3d62b,JNU_MACD_4_22_3_POSTPUBLICATION_G1_V1_DI1_FINAL_MINUTE_INCLUSIVE
2023-01-03,-1,-1,-0.009469584725933981,0.009469584725933981,1,1,1.0,6f49c51a794ccd72f7c5f3f07acad8e0604da64184ec5fda14a14a8bb42e9a84,JNU_MACD_4_22_3_POSTPUBLICATION_G1_V1_DI1_FINAL_MINUTE_INCLUSIVE
2023-01-04,-1,-1,-0.005451726898311302,0.005451726898311302,1,1,1.0,6f49c51a794ccd72f7c5f3f07acad8e0604da64184ec5fda14a14a8bb42e9a84,JNU_MACD_4_22_3_POSTPUBLICATION_G1_V1_DI1_FINAL_MINUTE_INCLUSIVE
2023-01-05,-1,-1,0.006616097299607465,-0.006616097299607465,1,0,1.0,6f49c51a794ccd72f7c5f3f07acad8e0604da64184ec5fda14a14a8bb42e9a84,JNU_MACD_4_22_3_POSTPUBLICATION_G1_V1_DI1_FINAL_MINUTE_INCLUSIVE
2023-01-06,1,1,0.00580160203953168,0.00580160203953168,1,1,1.0,6f49c51a794ccd72f7c5f3f07acad8e0604da64184ec5fda14a14a8bb42e9a84,JNU_MACD_4_22_3_POSTPUBLICATION_G1_V1_DI1_FINAL_MINUTE_INCLUSIVE
2023-01-10,1,1,0.008830927038424986,0.008830927038424986,1,1,1.0,6f49c51a794ccd72f7c5f3f07acad8e0604da64184ec5fda14a14a8bb42e9a84,JNU_MACD_4_22_3_POSTPUBLICATION_G1_V1_DI1_FINAL_MINUTE_INCLUSIVE
2023-01-11,1,1,0.00951119972004283,0.00951119972004283,1,1,1.0,6f49c51a794ccd72f7c5f3f07acad8e0604da64184ec5fda14a14a8bb42e9a84,JNU_MACD_4_22_3_POSTPUBLICATION_G1_V1_DI1_FINAL_MINUTE_INCLUSIVE
2023-01-12,1,1,-0.0015157259438455131,-0.0015157259438455131,1,0,1.0,6f49c51a794ccd72f7c5f3f07acad8e0604da64184ec5fda14a14a8bb42e9a84,JNU_MACD_4_22_3_POSTPUBLICATION_G1_V1_DI1_FINAL_MINUTE_INCLUSIVE
2023-01-13,1,1,-0.010866563890839289,-0.010866563890839289,1,0,1.0,6f49c51a794ccd72f7c5f3f07acad8e0604da64184ec5fda14a14a8bb42e9a84,JNU_MACD_4_22_3_POSTPUBLICATION_G1_V1_DI1_FINAL_MINUTE_INCLUSIVE
2023-01-16,1,1,-0.012149411810082316,-0.012149411810082316,1,0,1.0,6f49c51a794ccd72f7c5f3f07acad8e0604da64184ec5fda14a14a8bb42e9a84,JNU_MACD_4_22_3_POSTPUBLICATION_G1_V1_DI1_FINAL_MINUTE_INCLUSIVE
2023-01-17,-1,-1,0.014255683531802168,-0.014255683531802168,1,0,1.0,6f49c51a794ccd72f7c5f3f07acad8e0604da64184ec5fda14a14a8bb42e9a84,JNU_MACD_4_22_3_POSTPUBLICATION_G1_V1_DI1_FINAL_MINUTE_INCLUSIVE
2023-01-18,1,1,0.022319821954751795,0.022319821954751795,1,1,1.0,6f49c51a794ccd72f7c5f3f07acad8e0604da64184ec5fda14a14a8bb42e9a84,JNU_MACD_4_22_3_POSTPUBLICATION_G1_V1_DI1_FINAL_MINUTE_INCLUSIVE
2023-01-19,1,1,-0.014697833835692696,-0.014697833835692696,1,0,1.0,6f49c51a794ccd72f7c5f3f07acad8e0604da64184ec5fda14a14a8bb42e9a84,JNU_MACD_4_22_3_POSTPUBLICATION_G1_V1_DI1_FINAL_MINUTE_INCLUSIVE
2023-01-20,1,1,0.006998988184911796,0.006998988184911796,1,1,1.0,6f49c51a794ccd72f7c5f3f07acad8e0604da64184ec5fda14a14a8bb42e9a84,JNU_MACD_4_22_3_POSTPUBLICATION_G1_V1_DI1_FINAL_MINUTE_INCLUSIVE
2023-01-23,1,1,0.013294831154902058,0.013294831154902058,1,1,1.0,6f49c51a794ccd72f7c5f3f07acad8e0604da64184ec5fda14a14a8bb42e9a84,JNU_MACD_4_22_3_POSTPUBLICATION_G1_V1_DI1_FINAL_MINUTE_INCLUSIVE
2023-01-24,1,1,0.014404681202548394,0.014404681202548394,1,1,1.0,6f49c51a794ccd72f7c5f3f07acad8e0604da64184ec5fda14a14a8bb42e9a84,JNU_MACD_4_22_3_POSTPUBLICATION_G1_V1_DI1_FINAL_MINUTE_INCLUSIVE
2023-01-25,1,1,0.0018318378450921915,0.0018318378450921915,1,1,1.0,6f49c51a794ccd72f7c5f3f07acad8e0604da64184ec5fda14a14a8bb42e9a84,JNU_MACD_4_22_3_POSTPUBLICATION_G1_V1_DI1_FINAL_MINUTE_INCLUSIVE
2023-01-26,1,1,0.0021937851577136127,0.0021937851577136127,1,1,1.0,6f49c51a794ccd72f7c5f3f07acad8e0604da64184ec5fda14a14a8bb42e9a84,JNU_MACD_4_22_3_POSTPUBLICATION_G1_V1_DI1_FINAL_MINUTE_INCLUSIVE
2023-01-27,1,1,-0.0007307271059530922,-0.0007307271059530922,1,0,1.0,6f49c51a794ccd72f7c5f3f07acad8e0604da64184ec5fda14a14a8bb42e9a84,JNU_MACD_4_22_3_POSTPUBLICATION_G1_V1_DI1_FINAL_MINUTE_INCLUSIVE
2023-01-30,1,1,0.0005480953823151954,0.0005480953823151954,1,1,1.0,6f49c51a794ccd72f7c5f3f07acad8e0604da64184ec5fda14a14a8bb42e9a84,JNU_MACD_4_22_3_POSTPUBLICATION_G1_V1_DI1_FINAL_MINUTE_INCLUSIVE
2023-01-31,1,1,-0.0027434859457508326,-0.0027434859457508326,1,0,1.0,6f49c51a794ccd72f7c5f3f07acad8e0604da64184ec5fda14a14a8bb42e9a84,JNU_MACD_4_22_3_POSTPUBLICATION_G1_V1_DI1_FINAL_MINUTE_INCLUSIVE
2023-02-01,-1,-1,0.0003662332946995905,-0.0003662332946995905,1,0,1.0,6f49c51a794ccd72f7c5f3f07acad8e0604da64184ec5fda14a14a8bb42e9a84,JNU_MACD_4_22_3_POSTPUBLICATION_G1_V1_DI1_FINAL_MINUTE_INCLUSIVE
2023-02-02,-1,-1,0.00292504778937315,-0.00292504778937315,1,0,1.0,6f49c51a794ccd72f7c5f3f07acad8e0604da64184ec5fda14a14a8bb42e9a84,JNU_MACD_4_22_3_POSTPUBLICATION_G1_V1_DI1_FINAL_MINUTE_INCLUSIVE
2023-02-03,-1,-1,0.0036443189021675183,-0.0036443189021675183,1,0,1.0,6f49c51a794ccd72f7c5f3f07acad8e0604da64184ec5fda14a14a8bb42e9a84,JNU_MACD_4_22_3_POSTPUBLICATION_G1_V1_DI1_FINAL_MINUTE_INCLUSIVE
2023-02-06,-1,-1,0.006887828572314362,-0.006887828572314362,1,0,1.0,6f49c51a794ccd72f7c5f3f07acad8e0604da64184ec5fda14a14a8bb42e9a84,JNU_MACD_4_22_3_POSTPUBLICATION_G1_V1_DI1_FINAL_MINUTE_INCLUSIVE
2023-02-07,1,1,-0.002894358026364526,-0.002894358026364526,1,0,1.0,6f49c51a794ccd72f7c5f3f07acad8e0604da64184ec5fda14a14a8bb42e9a84,JNU_MACD_4_22_3_POSTPUBLICATION_G1_V1_DI1_FINAL_MINUTE_INCLUSIVE
2023-02-08,1,1,0.0,0.0,0,0,1.0,6f49c51a794ccd72f7c5f3f07acad8e0604da64184ec5fda14a14a8bb42e9a84,JNU_MACD_4_22_3_POSTPUBLICATION_G1_V1_DI1_FINAL_MINUTE_INCLUSIVE
2023-02-09,-1,-1,-0.002539453568588338,0.002539453568588338,1,1,1.0,6f49c51a794ccd72f7c5f3f07acad8e0604da64184ec5fda14a14a8bb42e9a84,JNU_MACD_4_22_3_POSTPUBLICATION_G1_V1_DI1_FINAL_MINUTE_INCLUSIVE
2023-02-10,-1,-1,0.004349408813827784,-0.004349408813827784,1,0,1.0,6f49c51a794ccd72f7c5f3f07acad8e0604da64184ec5fda14a14a8bb42e9a84,JNU_MACD_4_22_3_POSTPUBLICATION_G1_V1_DI1_FINAL_MINUTE_INCLUSIVE
2023-02-13,-1,-1,-0.007623925110659371,0.007623925110659371,1,1,1.0,6f49c51a794ccd72f7c5f3f07acad8e0604da64184ec5fda14a14a8bb42e9a84,JNU_MACD_4_22_3_POSTPUBLICATION_G1_V1_DI1_FINAL_MINUTE_INCLUSIVE
2023-02-14,-1,-1,0.006538345123461584,-0.006538345123461584,1,0,1.0,6f49c51a794ccd72f7c5f3f07acad8e0604da64184ec5fda14a14a8bb42e9a84,JNU_MACD_4_22_3_POSTPUBLICATION_G1_V1_DI1_FINAL_MINUTE_INCLUSIVE
2023-02-15,-1,-1,-0.0063561459792934975,0.0063561459792934975,1,1,1.0,6f49c51a794ccd72f7c5f3f07acad8e0604da64184ec5fda14a14a8bb42e9a84,JNU_MACD_4_22_3_POSTPUBLICATION_G1_V1_DI1_FINAL_MINUTE_INCLUSIVE
2023-02-16,-1,-1,0.007984074348220549,-0.007984074348220549,1,0,1.0,6f49c51a794ccd72f7c5f3f07acad8e0604da64184ec5fda14a14a8bb42e9a84,JNU_MACD_4_22_3_POSTPUBLICATION_G1_V1_DI1_FINAL_MINUTE_INCLUSIVE
2023-02-17,-1,-1,-0.007437676010248045,0.007437676010248045,1,1,1.0,6f49c51a794ccd72f7c5f3f07acad8e0604da64184ec5fda14a14a8bb42e9a84,JNU_MACD_4_22_3_POSTPUBLICATION_G1_V1_DI1_FINAL_MINUTE_INCLUSIVE
2023-02-20,-1,-1,0.0021826127253178713,-0.0021826127253178713,1,0,1.0,6f49c51a794ccd72f7c5f3f07acad8e0604da64184ec5fda14a14a8bb42e9a84,JNU_MACD_4_22_3_POSTPUBLICATION_G1_V1_DI1_FINAL_MINUTE_INCLUSIVE
2023-02-21,-1,-1,-0.0025468451096032504,0.0025468451096032504,1,1,1.0,6f49c51a794ccd72f7c5f3f07acad8e0604da64184ec5fda14a14a8bb42e9a84,JNU_MACD_4_22_3_POSTPUBLICATION_G1_V1_DI1_FINAL_MINUTE_INCLUSIVE
2023-02-22,-1,-1,-0.01191035609491599,0.01191035609491599,1,1,1.0,6f49c51a794ccd72f7c5f3f07acad8e0604da64184ec5fda14a14a8bb42e9a84,JNU_MACD_4_22_3_POSTPUBLICATION_G1_V1_DI1_FINAL_MINUTE_INCLUSIVE
2023-02-23,-1,-1,0.0001843148102167127,-0.0001843148102167127,1,0,1.0,6f49c51a794ccd72f7c5f3f07acad8e0604da64184ec5fda14a14a8bb42e9a84,JNU_MACD_4_22_3_POSTPUBLICATION_G1_V1_DI1_FINAL_MINUTE_INCLUSIVE
2023-02-24,-1,-1,0.009172693189462471,-0.009172693189462471,1,0,1.0,6f49c51a794ccd72f7c5f3f07acad8e0604da64184ec5fda14a14a8bb42e9a84,JNU_MACD_4_22_3_POSTPUBLICATION_G1_V1_DI1_FINAL_MINUTE_INCLUSIVE
2023-02-27,-1,-1,0.001095090454391666,-0.001095090454391666,1,0,1.0,6f49c51a794ccd72f7c5f3f07acad8e0604da64184ec5fda14a14a8bb42e9a84,JNU_MACD_4_22_3_POSTPUBLICATION_G1_V1_DI1_FINAL_MINUTE_INCLUSIVE
2023-02-28,1,1,0.002186589792488167,0.002186589792488167,1,1,1.0,6f49c51a794ccd72f7c5f3f07acad8e0604da64184ec5fda14a14a8bb42e9a84,JNU_MACD_4_22_3_POSTPUBLICATION_G1_V1_DI1_FINAL_MINUTE_INCLUSIVE
2023-03-01,1,1,0.002181819047333343,0.002181819047333343,1,1,1.0,6f49c51a794ccd72f7c5f3f07acad8e0604da64184ec5fda14a14a8bb42e9a84,JNU_MACD_4_22_3_POSTPUBLICATION_G1_V1_DI1_FINAL_MINUTE_INCLUSIVE
2023-03-02,1,1,-0.00036330608937299065,-0.00036330608937299065,1,0,1.0,6f49c51a794ccd72f7c5f3f07acad8e0604da64184ec5fda14a14a8bb42e9a84,JNU_MACD_4_22_3_POSTPUBLICATION_G1_V1_DI1_FINAL_MINUTE_INCLUSIVE
2023-03-03,1,1,0.013713675762177002,0.013713675762177002,1,1,1.0,6f49c51a794ccd72f7c5f3f07acad8e0604da64184ec5fda14a14a8bb42e9a84,JNU_MACD_4_22_3_POSTPUBLICATION_G1_V1_DI1_FINAL_MINUTE_INCLUSIVE
2023-03-06,1,1,0.012643744254486751,0.012643744254486751,1,1,1.0,6f49c51a794ccd72f7c5f3f07acad8e0604da64184ec5fda14a14a8bb42e9a84,JNU_MACD_4_22_3_POSTPUBLICATION_G1_V1_DI1_FINAL_MINUTE_INCLUSIVE
2023-03-07,1,1,0.0024743738322633418,0.0024743738322633418,1,1,1.0,6f49c51a794ccd72f7c5f3f07acad8e0604da64184ec5fda14a14a8bb42e9a84,JNU_MACD_4_22_3_POSTPUBLICATION_G1_V1_DI1_FINAL_MINUTE_INCLUSIVE
2023-03-08,1,1,0.0035242327225296828,0.0035242327225296828,1,1,1.0,6f49c51a794ccd72f7c5f3f07acad8e0604da64184ec5fda14a14a8bb42e9a84,JNU_MACD_4_22_3_POSTPUBLICATION_G1_V1_DI1_FINAL_MINUTE_INCLUSIVE
2023-03-09,1,1,0.007535302455845213,0.007535302455845213,1,1,1.0,6f49c51a794ccd72f7c5f3f07acad8e0604da64184ec5fda14a14a8bb42e9a84,JNU_MACD_4_22_3_POSTPUBLICATION_G1_V1_DI1_FINAL_MINUTE_INCLUSIVE
2023-03-10,1,1,-0.027612373740785245,-0.027612373740785245,1,0,1.0,6f49c51a794ccd72f7c5f3f07acad8e0604da64184ec5fda14a14a8bb42e9a84,JNU_MACD_4_22_3_POSTPUBLICATION_G1_V1_DI1_FINAL_MINUTE_INCLUSIVE
2023-03-13,-1,-1,-0.007927969452190545,0.007927969452190545,1,1,1.0,6f49c51a794ccd72f7c5f3f07acad8e0604da64184ec5fda14a14a8bb42e9a84,JNU_MACD_4_22_3_POSTPUBLICATION_G1_V1_DI1_FINAL_MINUTE_INCLUSIVE
2023-03-14,-1,-1,-0.027137712291675768,0.027137712291675768,1,1,1.0,6f49c51a794ccd72f7c5f3f07acad8e0604da64184ec5fda14a14a8bb42e9a84,JNU_MACD_4_22_3_POSTPUBLICATION_G1_V1_DI1_FINAL_MINUTE_INCLUSIVE
2023-03-15,-1,-1,0.005375858715596764,-0.005375858715596764,1,0,1.0,6f49c51a794ccd72f7c5f3f07acad8e0604da64184ec5fda14a14a8bb42e9a84,JNU_MACD_4_22_3_POSTPUBLICATION_G1_V1_DI1_FINAL_MINUTE_INCLUSIVE
2023-03-16,-1,-1,-0.01152857692269535,0.01152857692269535,1,1,1.0,6f49c51a794ccd72f7c5f3f07acad8e0604da64184ec5fda14a14a8bb42e9a84,JNU_MACD_4_22_3_POSTPUBLICATION_G1_V1_DI1_FINAL_MINUTE_INCLUSIVE
2023-03-17,-1,-1,0.01097379188766144,-0.01097379188766144,1,0,1.0,6f49c51a794ccd72f7c5f3f07acad8e0604da64184ec5fda14a14a8bb42e9a84,JNU_MACD_4_22_3_POSTPUBLICATION_G1_V1_DI1_FINAL_MINUTE_INCLUSIVE
2023-03-20,-1,-1,-0.013220563100539179,0.013220563100539179,1,1,1.0,6f49c51a794ccd72f7c5f3f07acad8e0604da64184ec5fda14a14a8bb42e9a84,JNU_MACD_4_22_3_POSTPUBLICATION_G1_V1_DI1_FINAL_MINUTE_INCLUSIVE
2023-03-21,-1,-1,0.006539023767056648,-0.006539023767056648,1,0,1.0,6f49c51a794ccd72f7c5f3f07acad8e0604da64184ec5fda14a14a8bb42e9a84,JNU_MACD_4_22_3_POSTPUBLICATION_G1_V1_DI1_FINAL_MINUTE_INCLUSIVE
2023-03-22,-1,-1,0.013869847864150377,-0.013869847864150377,1,0,1.0,6f49c51a794ccd72f7c5f3f07acad8e0604da64184ec5fda14a14a8bb42e9a84,JNU_MACD_4_22_3_POSTPUBLICATION_G1_V1_DI1_FINAL_MINUTE_INCLUSIVE
2023-03-23,1,1,-0.003864205746829342,-0.003864205746829342,1,0,1.0,6f49c51a794ccd72f7c5f3f07acad8e0604da64184ec5fda14a14a8bb42e9a84,JNU_MACD_4_22_3_POSTPUBLICATION_G1_V1_DI1_FINAL_MINUTE_INCLUSIVE
2023-03-24,1,1,0.002025969935078411,0.002025969935078411,1,1,1.0,6f49c51a794ccd72f7c5f3f07acad8e0604da64184ec5fda14a14a8bb42e9a84,JNU_MACD_4_22_3_POSTPUBLICATION_G1_V1_DI1_FINAL_MINUTE_INCLUSIVE
2023-03-27,1,1,0.003306395370751758,0.003306395370751758,1,1,1.0,6f49c51a794ccd72f7c5f3f07acad8e0604da64184ec5fda14a14a8bb42e9a84,JNU_MACD_4_22_3_POSTPUBLICATION_G1_V1_DI1_FINAL_MINUTE_INCLUSIVE
2023-03-28,1,1,0.000916506342222251,0.000916506342222251,1,1,1.0,6f49c51a794ccd72f7c5f3f07acad8e0604da64184ec5fda14a14a8bb42e9a84,JNU_MACD_4_22_3_POSTPUBLICATION_G1_V1_DI1_FINAL_MINUTE_INCLUSIVE
2023-03-29,1,1,0.010570537644908728,0.010570537644908728,1,1,1.0,6f49c51a794ccd72f7c5f3f07acad8e0604da64184ec5fda14a14a8bb42e9a84,JNU_MACD_4_22_3_POSTPUBLICATION_G1_V1_DI1_FINAL_MINUTE_INCLUSIVE
2023-03-30,1,1,0.007765276040277108,0.007765276040277108,1,1,1.0,6f49c51a794ccd72f7c5f3f07acad8e0604da64184ec5fda14a14a8bb42e9a84,JNU_MACD_4_22_3_POSTPUBLICATION_G1_V1_DI1_FINAL_MINUTE_INCLUSIVE
2023-03-31,1,1,0.010557492710719435,0.010557492710719435,1,1,1.0,6f49c51a794ccd72f7c5f3f07acad8e0604da64184ec5fda14a14a8bb42e9a84,JNU_MACD_4_22_3_POSTPUBLICATION_G1_V1_DI1_FINAL_MINUTE_INCLUSIVE
2023-04-03,1,1,0.005502809661073117,0.005502809661073117,1,1,1.0,6f49c51a794ccd72f7c5f3f07acad8e0604da64184ec5fda14a14a8bb42e9a84,JNU_MACD_4_22_3_POSTPUBLICATION_G1_V1_DI1_FINAL_MINUTE_INCLUSIVE
2023-04-04,1,1,0.0005309264791560056,0.0005309264791560056,1,1,1.0,6f49c51a794ccd72f7c5f3f07acad8e0604da64184ec5fda14a14a8bb42e9a84,JNU_MACD_4_22_3_POSTPUBLICATION_G1_V1_DI1_FINAL_MINUTE_INCLUSIVE
2023-04-05,1,1,-0.01569219076108449,-0.01569219076108449,1,0,1.0,6f49c51a794ccd72f7c5f3f07acad8e0604da64184ec5fda14a14a8bb42e9a84,JNU_MACD_4_22_3_POSTPUBLICATION_G1_V1_DI1_FINAL_MINUTE_INCLUSIVE
2023-04-06,-1,-1,-0.01029726378085203,0.01029726378085203,1,1,1.0,6f49c51a794ccd72f7c5f3f07acad8e0604da64184ec5fda14a14a8bb42e9a84,JNU_MACD_4_22_3_POSTPUBLICATION_G1_V1_DI1_FINAL_MINUTE_INCLUSIVE
2023-04-07,-1,-1,-0.00018160355992890233,0.00018160355992890233,1,1,1.0,6f49c51a794ccd72f7c5f3f07acad8e0604da64184ec5fda14a14a8bb42e9a84,JNU_MACD_4_22_3_POSTPUBLICATION_G1_V1_DI1_FINAL_MINUTE_INCLUSIVE
2023-04-10,-1,-1,0.004891757195557042,-0.004891757195557042,1,0,1.0,6f49c51a794ccd72f7c5f3f07acad8e0604da64184ec5fda14a14a8bb42e9a84,JNU_MACD_4_22_3_POSTPUBLICATION_G1_V1_DI1_FINAL_MINUTE_INCLUSIVE
2023-04-11,-1,-1,0.009712306561039066,-0.009712306561039066,1,0,1.0,6f49c51a794ccd72f7c5f3f07acad8e0604da64184ec5fda14a14a8bb42e9a84,JNU_MACD_4_22_3_POSTPUBLICATION_G1_V1_DI1_FINAL_MINUTE_INCLUSIVE
2023-04-12,1,1,0.005355243073284051,0.005355243073284051,1,1,1.0,6f49c51a794ccd72f7c5f3f07acad8e0604da64184ec5fda14a14a8bb42e9a84,JNU_MACD_4_22_3_POSTPUBLICATION_G1_V1_DI1_FINAL_MINUTE_INCLUSIVE
2023-04-13,1,1,0.0039090312747494605,0.0039090312747494605,1,1,1.0,6f49c51a794ccd72f7c5f3f07acad8e0604da64184ec5fda14a14a8bb42e9a84,JNU_MACD_4_22_3_POSTPUBLICATION_G1_V1_DI1_FINAL_MINUTE_INCLUSIVE
2023-04-14,1,1,0.007948465409809181,0.007948465409809181,1,1,1.0,6f49c51a794ccd72f7c5f3f07acad8e0604da64184ec5fda14a14a8bb42e9a84,JNU_MACD_4_22_3_POSTPUBLICATION_G1_V1_DI1_FINAL_MINUTE_INCLUSIVE
2023-04-17,1,1,0.003863042556453974,0.003863042556453974,1,1,1.0,6f49c51a794ccd72f7c5f3f07acad8e0604da64184ec5fda14a14a8bb42e9a84,JNU_MACD_4_22_3_POSTPUBLICATION_G1_V1_DI1_FINAL_MINUTE_INCLUSIVE
2023-04-18,1,1,0.004197277935339916,0.004197277935339916,1,1,1.0,6f49c51a794ccd72f7c5f3f07acad8e0604da64184ec5fda14a14a8bb42e9a84,JNU_MACD_4_22_3_POSTPUBLICATION_G1_V1_DI1_FINAL_MINUTE_INCLUSIVE
2023-04-19,1,1,-0.002446270659027222,-0.002446270659027222,1,0,1.0,6f49c51a794ccd72f7c5f3f07acad8e0604da64184ec5fda14a14a8bb42e9a84,JNU_MACD_4_22_3_POSTPUBLICATION_G1_V1_DI1_FINAL_MINUTE_INCLUSIVE
2023-04-20,1,1,0.002097169590723551,0.002097169590723551,1,1,1.0,6f49c51a794ccd72f7c5f3f07acad8e0604da64184ec5fda14a14a8bb42e9a84,JNU_MACD_4_22_3_POSTPUBLICATION_G1_V1_DI1_FINAL_MINUTE_INCLUSIVE
2023-04-21,1,1,-0.002797204621061254,-0.002797204621061254,1,0,1.0,6f49c51a794ccd72f7c5f3f07acad8e0604da64184ec5fda14a14a8bb42e9a84,JNU_MACD_4_22_3_POSTPUBLICATION_G1_V1_DI1_FINAL_MINUTE_INCLUSIVE
2023-04-24,-1,-1,0.0010498688628367949,-0.0010498688628367949,1,0,1.0,6f49c51a794ccd72f7c5f3f07acad8e0604da64184ec5fda14a14a8bb42e9a84,JNU_MACD_4_22_3_POSTPUBLICATION_G1_V1_DI1_FINAL_MINUTE_INCLUSIVE
2023-04-25,-1,-1,0.00104876779408443,-0.00104876779408443,1,0,1.0,6f49c51a794ccd72f7c5f3f07acad8e0604da64184ec5fda14a14a8bb42e9a84,JNU_MACD_4_22_3_POSTPUBLICATION_G1_V1_DI1_FINAL_MINUTE_INCLUSIVE
2023-04-26,-1,-1,-0.007540588119214669,0.007540588119214669,1,1,1.0,6f49c51a794ccd72f7c5f3f07acad8e0604da64184ec5fda14a14a8bb42e9a84,JNU_MACD_4_22_3_POSTPUBLICATION_G1_V1_DI1_FINAL_MINUTE_INCLUSIVE
2023-04-27,-1,-1,0.001231418925949906,-0.001231418925949906,1,0,1.0,6f49c51a794ccd72f7c5f3f07acad8e0604da64184ec5fda14a14a8bb42e9a84,JNU_MACD_4_22_3_POSTPUBLICATION_G1_V1_DI1_FINAL_MINUTE_INCLUSIVE
2023-04-28,-1,-1,0.015006388739803653,-0.015006388739803653,1,0,1.0,6f49c51a794ccd72f7c5f3f07acad8e0604da64184ec5fda14a14a8bb42e9a84,JNU_MACD_4_22_3_POSTPUBLICATION_G1_V1_DI1_FINAL_MINUTE_INCLUSIVE
2023-05-01,1,1,0.009994913465613766,0.009994913465613766,1,1,1.0,6f49c51a794ccd72f7c5f3f07acad8e0604da64184ec5fda14a14a8bb42e9a84,JNU_MACD_4_22_3_POSTPUBLICATION_G1_V1_DI1_FINAL_MINUTE_INCLUSIVE
2023-05-02,1,1,-0.0012009952545927799,-0.0012009952545927799,1,0,1.0,6f49c51a794ccd72f7c5f3f07acad8e0604da64184ec5fda14a14a8bb42e9a84,JNU_MACD_4_22_3_POSTPUBLICATION_G1_V1_DI1_FINAL_MINUTE_INCLUSIVE
2023-05-03,1,1,-0.009140358540139858,-0.009140358540139858,1,0,1.0,6f49c51a794ccd72f7c5f3f07acad8e0604da64184ec5fda14a14a8bb42e9a84,JNU_MACD_4_22_3_POSTPUBLICATION_G1_V1_DI1_FINAL_MINUTE_INCLUSIVE
2023-05-04,-1,-1,-0.004340661386019996,0.004340661386019996,1,1,1.0,6f49c51a794ccd72f7c5f3f07acad8e0604da64184ec5fda14a14a8bb42e9a84,JNU_MACD_4_22_3_POSTPUBLICATION_G1_V1_DI1_FINAL_MINUTE_INCLUSIVE
2023-05-05,-1,-1,0.0006957732060125507,-0.0006957732060125507,1,0,1.0,6f49c51a794ccd72f7c5f3f07acad8e0604da64184ec5fda14a14a8bb42e9a84,JNU_MACD_4_22_3_POSTPUBLICATION_G1_V1_DI1_FINAL_MINUTE_INCLUSIVE
2023-05-08,-1,-1,0.006758538853286764,-0.006758538853286764,1,0,1.0,6f49c51a794ccd72f7c5f3f07acad8e0604da64184ec5fda14a14a8bb42e9a84,JNU_MACD_4_22_3_POSTPUBLICATION_G1_V1_DI1_FINAL_MINUTE_INCLUSIVE
2023-05-09,-1,-1,0.009967430862573526,-0.009967430862573526,1,0,1.0,6f49c51a794ccd72f7c5f3f07acad8e0604da64184ec5fda14a14a8bb42e9a84,JNU_MACD_4_22_3_POSTPUBLICATION_G1_V1_DI1_FINAL_MINUTE_INCLUSIVE
2023-05-10,1,1,-0.0034258341145189733,-0.0034258341145189733,1,0,1.0,6f49c51a794ccd72f7c5f3f07acad8e0604da64184ec5fda14a14a8bb42e9a84,JNU_MACD_4_22_3_POSTPUBLICATION_G1_V1_DI1_FINAL_MINUTE_INCLUSIVE
2023-05-11,1,1,-0.0006865774385735155,-0.0006865774385735155,1,0,1.0,6f49c51a794ccd72f7c5f3f07acad8e0604da64184ec5fda14a14a8bb42e9a84,JNU_MACD_4_22_3_POSTPUBLICATION_G1_V1_DI1_FINAL_MINUTE_INCLUSIVE
2023-05-12,-1,-1,0.010249491844806204,-0.010249491844806204,1,0,1.0,6f49c51a794ccd72f7c5f3f07acad8e0604da64184ec5fda14a14a8bb42e9a84,JNU_MACD_4_22_3_POSTPUBLICATION_G1_V1_DI1_FINAL_MINUTE_INCLUSIVE
2023-05-15,1,1,0.00846171912943903,0.00846171912943903,1,1,1.0,6f49c51a794ccd72f7c5f3f07acad8e0604da64184ec5fda14a14a8bb42e9a84,JNU_MACD_4_22_3_POSTPUBLICATION_G1_V1_DI1_FINAL_MINUTE_INCLUSIVE
2023-05-16,1,1,0.0057133410328297505,0.0057133410328297505,1,1,1.0,6f49c51a794ccd72f7c5f3f07acad8e0604da64184ec5fda14a14a8bb42e9a84,JNU_MACD_4_22_3_POSTPUBLICATION_G1_V1_DI1_FINAL_MINUTE_INCLUSIVE
2023-05-17,1,1,0.0071792611555653125,0.0071792611555653125,1,1,1.0,6f49c51a794ccd72f7c5f3f07acad8e0604da64184ec5fda14a14a8bb42e9a84,JNU_MACD_4_22_3_POSTPUBLICATION_G1_V1_DI1_FINAL_MINUTE_INCLUSIVE
2023-05-18,1,1,0.017644121671686712,0.017644121671686712,1,1,1.0,6f49c51a794ccd72f7c5f3f07acad8e0604da64184ec5fda14a14a8bb42e9a84,JNU_MACD_4_22_3_POSTPUBLICATION_G1_V1_DI1_FINAL_MINUTE_INCLUSIVE
2023-05-19,1,1,0.01008302574088761,0.01008302574088761,1,1,1.0,6f49c51a794ccd72f7c5f3f07acad8e0604da64184ec5fda14a14a8bb42e9a84,JNU_MACD_4_22_3_POSTPUBLICATION_G1_V1_DI1_FINAL_MINUTE_INCLUSIVE
2023-05-22,1,1,0.004198294556588949,0.004198294556588949,1,1,1.0,6f49c51a794ccd72f7c5f3f07acad8e0604da64184ec5fda14a14a8bb42e9a84,JNU_MACD_4_22_3_POSTPUBLICATION_G1_V1_DI1_FINAL_MINUTE_INCLUSIVE
2023-05-23,1,1,-0.00565566668725861,-0.00565566668725861,1,0,1.0,6f49c51a794ccd72f7c5f3f07acad8e0604da64184ec5fda14a14a8bb42e9a84,JNU_MACD_4_22_3_POSTPUBLICATION_G1_V1_DI1_FINAL_MINUTE_INCLUSIVE
2023-05-24,1,1,-0.00797205881570906,-0.00797205881570906,1,0,1.0,6f49c51a794ccd72f7c5f3f07acad8e0604da64184ec5fda14a14a8bb42e9a84,JNU_MACD_4_22_3_POSTPUBLICATION_G1_V1_DI1_FINAL_MINUTE_INCLUSIVE
2023-05-25,-1,-1,0.007161488940737897,-0.007161488940737897,1,0,1.0,6f49c51a794ccd72f7c5f3f07acad8e0604da64184ec5fda14a14a8bb42e9a84,JNU_MACD_4_22_3_POSTPUBLICATION_G1_V1_DI1_FINAL_MINUTE_INCLUSIVE
2023-05-26,-1,-1,0.0038847572325461208,-0.0038847572325461208,1,0,1.0,6f49c51a794ccd72f7c5f3f07acad8e0604da64184ec5fda14a14a8bb42e9a84,JNU_MACD_4_22_3_POSTPUBLICATION_G1_V1_DI1_FINAL_MINUTE_INCLUSIVE
2023-05-29,-1,-1,0.011245098415502426,-0.011245098415502426,1,0,1.0,6f49c51a794ccd72f7c5f3f07acad8e0604da64184ec5fda14a14a8bb42e9a84,JNU_MACD_4_22_3_POSTPUBLICATION_G1_V1_DI1_FINAL_MINUTE_INCLUSIVE
2023-05-30,1,1,0.00255264975877899,0.00255264975877899,1,1,1.0,6f49c51a794ccd72f7c5f3f07acad8e0604da64184ec5fda14a14a8bb42e9a84,JNU_MACD_4_22_3_POSTPUBLICATION_G1_V1_DI1_FINAL_MINUTE_INCLUSIVE
2023-05-31,1,1,-0.017033996953489672,-0.017033996953489672,1,0,1.0,6f49c51a794ccd72f7c5f3f07acad8e0604da64184ec5fda14a14a8bb42e9a84,JNU_MACD_4_22_3_POSTPUBLICATION_G1_V1_DI1_FINAL_MINUTE_INCLUSIVE
2023-06-01,-1,-1,0.009677494882065438,-0.009677494882065438,1,0,1.0,6f49c51a794ccd72f7c5f3f07acad8e0604da64184ec5fda14a14a8bb42e9a84,JNU_MACD_4_22_3_POSTPUBLICATION_G1_V1_DI1_FINAL_MINUTE_INCLUSIVE
2023-06-02,-1,-1,0.01275934375375992,-0.01275934375375992,1,0,1.0,6f49c51a794ccd72f7c5f3f07acad8e0604da64184ec5fda14a14a8bb42e9a84,JNU_MACD_4_22_3_POSTPUBLICATION_G1_V1_DI1_FINAL_MINUTE_INCLUSIVE
2023-06-05,1,1,0.021634328651205334,0.021634328651205334,1,1,1.0,6f49c51a794ccd72f7c5f3f07acad8e0604da64184ec5fda14a14a8bb42e9a84,JNU_MACD_4_22_3_POSTPUBLICATION_G1_V1_DI1_FINAL_MINUTE_INCLUSIVE
2023-06-06,1,1,0.0055675986691025815,0.0055675986691025815,1,1,1.0,6f49c51a794ccd72f7c5f3f07acad8e0604da64184ec5fda14a14a8bb42e9a84,JNU_MACD_4_22_3_POSTPUBLICATION_G1_V1_DI1_FINAL_MINUTE_INCLUSIVE
2023-06-07,1,1,-0.017267287541272547,-0.017267287541272547,1,0,1.0,6f49c51a794ccd72f7c5f3f07acad8e0604da64184ec5fda14a14a8bb42e9a84,JNU_MACD_4_22_3_POSTPUBLICATION_G1_V1_DI1_FINAL_MINUTE_INCLUSIVE
2023-06-08,-1,-1,-0.005507055063428094,0.005507055063428094,1,1,1.0,6f49c51a794ccd72f7c5f3f07acad8e0604da64184ec5fda14a14a8bb42e9a84,JNU_MACD_4_22_3_POSTPUBLICATION_G1_V1_DI1_FINAL_MINUTE_INCLUSIVE
2023-06-09,-1,-1,0.01580998728731743,-0.01580998728731743,1,0,1.0,6f49c51a794ccd72f7c5f3f07acad8e0604da64184ec5fda14a14a8bb42e9a84,JNU_MACD_4_22_3_POSTPUBLICATION_G1_V1_DI1_FINAL_MINUTE_INCLUSIVE
2023-06-12,-1,-1,0.006810117636812198,-0.006810117636812198,1,0,1.0,6f49c51a794ccd72f7c5f3f07acad8e0604da64184ec5fda14a14a8bb42e9a84,JNU_MACD_4_22_3_POSTPUBLICATION_G1_V1_DI1_FINAL_MINUTE_INCLUSIVE
2023-06-13,1,1,0.018794960775739358,0.018794960775739358,1,1,1.0,6f49c51a794ccd72f7c5f3f07acad8e0604da64184ec5fda14a14a8bb42e9a84,JNU_MACD_4_22_3_POSTPUBLICATION_G1_V1_DI1_FINAL_MINUTE_INCLUSIVE
2023-06-14,1,1,0.015620624014992595,0.015620624014992595,1,1,1.0,6f49c51a794ccd72f7c5f3f07acad8e0604da64184ec5fda14a14a8bb42e9a84,JNU_MACD_4_22_3_POSTPUBLICATION_G1_V1_DI1_FINAL_MINUTE_INCLUSIVE
2023-06-15,1,1,-0.0041816070490256416,-0.0041816070490256416,1,0,1.0,6f49c51a794ccd72f7c5f3f07acad8e0604da64184ec5fda14a14a8bb42e9a84,JNU_MACD_4_22_3_POSTPUBLICATION_G1_V1_DI1_FINAL_MINUTE_INCLUSIVE
2023-06-16,1,1,0.00700920027161614,0.00700920027161614,1,1,1.0,6f49c51a794ccd72f7c5f3f07acad8e0604da64184ec5fda14a14a8bb42e9a84,JNU_MACD_4_22_3_POSTPUBLICATION_G1_V1_DI1_FINAL_MINUTE_INCLUSIVE
2023-06-19,1,1,-0.0070092002716161915,-0.0070092002716161915,1,0,1.0,6f49c51a794ccd72f7c5f3f07acad8e0604da64184ec5fda14a14a8bb42e9a84,JNU_MACD_4_22_3_POSTPUBLICATION_G1_V1_DI1_FINAL_MINUTE_INCLUSIVE
2023-06-20,-1,-1,-0.0020973790460172156,0.0020973790460172156,1,1,1.0,6f49c51a794ccd72f7c5f3f07acad8e0604da64184ec5fda14a14a8bb42e9a84,JNU_MACD_4_22_3_POSTPUBLICATION_G1_V1_DI1_FINAL_MINUTE_INCLUSIVE
2023-06-21,-1,-1,0.006874933669295701,-0.006874933669295701,1,0,1.0,6f49c51a794ccd72f7c5f3f07acad8e0604da64184ec5fda14a14a8bb42e9a84,JNU_MACD_4_22_3_POSTPUBLICATION_G1_V1_DI1_FINAL_MINUTE_INCLUSIVE
2023-06-22,-1,-1,-0.011986958032982487,0.011986958032982487,1,1,1.0,6f49c51a794ccd72f7c5f3f07acad8e0604da64184ec5fda14a14a8bb42e9a84,JNU_MACD_4_22_3_POSTPUBLICATION_G1_V1_DI1_FINAL_MINUTE_INCLUSIVE
2023-06-23,-1,-1,-0.015188627345982222,0.015188627345982222,1,1,1.0,6f49c51a794ccd72f7c5f3f07acad8e0604da64184ec5fda14a14a8bb42e9a84,JNU_MACD_4_22_3_POSTPUBLICATION_G1_V1_DI1_FINAL_MINUTE_INCLUSIVE
2023-06-26,-1,-1,-0.0006123698905386831,0.0006123698905386831,1,1,1.0,6f49c51a794ccd72f7c5f3f07acad8e0604da64184ec5fda14a14a8bb42e9a84,JNU_MACD_4_22_3_POSTPUBLICATION_G1_V1_DI1_FINAL_MINUTE_INCLUSIVE
2023-06-27,-1,-1,-0.002453236434297913,0.002453236434297913,1,1,1.0,6f49c51a794ccd72f7c5f3f07acad8e0604da64184ec5fda14a14a8bb42e9a84,JNU_MACD_4_22_3_POSTPUBLICATION_G1_V1_DI1_FINAL_MINUTE_INCLUSIVE
2023-06-28,-1,-1,0.017198506252048096,-0.017198506252048096,1,0,1.0,6f49c51a794ccd72f7c5f3f07acad8e0604da64184ec5fda14a14a8bb42e9a84,JNU_MACD_4_22_3_POSTPUBLICATION_G1_V1_DI1_FINAL_MINUTE_INCLUSIVE
2023-06-29,-1,-1,0.0013571592221082818,-0.0013571592221082818,1,0,1.0,6f49c51a794ccd72f7c5f3f07acad8e0604da64184ec5fda14a14a8bb42e9a84,JNU_MACD_4_22_3_POSTPUBLICATION_G1_V1_DI1_FINAL_MINUTE_INCLUSIVE
2023-06-30,-1,-1,0.0003013409695848558,-0.0003013409695848558,1,0,1.0,6f49c51a794ccd72f7c5f3f07acad8e0604da64184ec5fda14a14a8bb42e9a84,JNU_MACD_4_22_3_POSTPUBLICATION_G1_V1_DI1_FINAL_MINUTE_INCLUSIVE
2023-07-03,1,1,0.013764430358853606,0.013764430358853606,1,1,1.0,6f49c51a794ccd72f7c5f3f07acad8e0604da64184ec5fda14a14a8bb42e9a84,JNU_MACD_4_22_3_POSTPUBLICATION_G1_V1_DI1_FINAL_MINUTE_INCLUSIVE
2023-07-04,1,1,-0.00970519002596441,-0.00970519002596441,1,0,1.0,6f49c51a794ccd72f7c5f3f07acad8e0604da64184ec5fda14a14a8bb42e9a84,JNU_MACD_4_22_3_POSTPUBLICATION_G1_V1_DI1_FINAL_MINUTE_INCLUSIVE
2023-07-05,1,1,-0.00015004876613044634,-0.00015004876613044634,1,0,1.0,6f49c51a794ccd72f7c5f3f07acad8e0604da64184ec5fda14a14a8bb42e9a84,JNU_MACD_4_22_3_POSTPUBLICATION_G1_V1_DI1_FINAL_MINUTE_INCLUSIVE
2023-07-06,-1,-1,-0.017865728785552815,0.017865728785552815,1,1,1.0,6f49c51a794ccd72f7c5f3f07acad8e0604da64184ec5fda14a14a8bb42e9a84,JNU_MACD_4_22_3_POSTPUBLICATION_G1_V1_DI1_FINAL_MINUTE_INCLUSIVE
2023-07-07,-1,-1,-0.00920816819386259,0.00920816819386259,1,1,1.0,6f49c51a794ccd72f7c5f3f07acad8e0604da64184ec5fda14a14a8bb42e9a84,JNU_MACD_4_22_3_POSTPUBLICATION_G1_V1_DI1_FINAL_MINUTE_INCLUSIVE
2023-07-10,-1,-1,-0.008982560009860125,0.008982560009860125,1,1,1.0,6f49c51a794ccd72f7c5f3f07acad8e0604da64184ec5fda14a14a8bb42e9a84,JNU_MACD_4_22_3_POSTPUBLICATION_G1_V1_DI1_FINAL_MINUTE_INCLUSIVE
2023-07-11,-1,-1,0.003106557329061065,-0.003106557329061065,1,0,1.0,6f49c51a794ccd72f7c5f3f07acad8e0604da64184ec5fda14a14a8bb42e9a84,JNU_MACD_4_22_3_POSTPUBLICATION_G1_V1_DI1_FINAL_MINUTE_INCLUSIVE
2023-07-12,-1,-1,-0.009348774851561116,0.009348774851561116,1,1,1.0,6f49c51a794ccd72f7c5f3f07acad8e0604da64184ec5fda14a14a8bb42e9a84,JNU_MACD_4_22_3_POSTPUBLICATION_G1_V1_DI1_FINAL_MINUTE_INCLUSIVE
2023-07-13,-1,-1,0.018303597698393795,-0.018303597698393795,1,0,1.0,6f49c51a794ccd72f7c5f3f07acad8e0604da64184ec5fda14a14a8bb42e9a84,JNU_MACD_4_22_3_POSTPUBLICATION_G1_V1_DI1_FINAL_MINUTE_INCLUSIVE
2023-07-14,-1,-1,-0.0058578863362993006,0.0058578863362993006,1,1,1.0,6f49c51a794ccd72f7c5f3f07acad8e0604da64184ec5fda14a14a8bb42e9a84,JNU_MACD_4_22_3_POSTPUBLICATION_G1_V1_DI1_FINAL_MINUTE_INCLUSIVE
2023-07-17,1,1,-0.004493693158814013,-0.004493693158814013,1,0,1.0,6f49c51a794ccd72f7c5f3f07acad8e0604da64184ec5fda14a14a8bb42e9a84,JNU_MACD_4_22_3_POSTPUBLICATION_G1_V1_DI1_FINAL_MINUTE_INCLUSIVE
2023-07-18,-1,-1,0.005575359029554924,-0.005575359029554924,1,0,1.0,6f49c51a794ccd72f7c5f3f07acad8e0604da64184ec5fda14a14a8bb42e9a84,JNU_MACD_4_22_3_POSTPUBLICATION_G1_V1_DI1_FINAL_MINUTE_INCLUSIVE
2023-07-19,1,1,0.01851479711175096,0.01851479711175096,1,1,1.0,6f49c51a794ccd72f7c5f3f07acad8e0604da64184ec5fda14a14a8bb42e9a84,JNU_MACD_4_22_3_POSTPUBLICATION_G1_V1_DI1_FINAL_MINUTE_INCLUSIVE
2023-07-20,1,1,-0.017280038504493906,-0.017280038504493906,1,0,1.0,6f49c51a794ccd72f7c5f3f07acad8e0604da64184ec5fda14a14a8bb42e9a84,JNU_MACD_4_22_3_POSTPUBLICATION_G1_V1_DI1_FINAL_MINUTE_INCLUSIVE
2023-07-21,1,1,-0.0041734352252109155,-0.0041734352252109155,1,0,1.0,6f49c51a794ccd72f7c5f3f07acad8e0604da64184ec5fda14a14a8bb42e9a84,JNU_MACD_4_22_3_POSTPUBLICATION_G1_V1_DI1_FINAL_MINUTE_INCLUSIVE
